Average,Minimum,Maximum
140.69496520712931,48.82957615759949,648.1700293970042
